name_last,name_first,key_mlbam,key_retro,key_bbref,key_fangraphs,mlb_played_first,mlb_played_last
sale,chris,519242,salec001,salech01,10603,2010.0,2025.0
skubal,tarik,669373,skubt001,skubata01,22267,2020.0,2025.0
wheeler,zack,554430,wheez001,wheelza01,10310,2013.0,2025.0
ragans,cole,666142,ragac001,raganco01,21846,2022.0,2025.0
cease,dylan,656302,ceasd001,ceasedy01,18525,2019.0,2025.0
lugo,seth,607625,lugos001,lugose01,12447,2016.0,2025.0
crochet,garrett,676979,crocg001,crochga01,27463,2020.0,2025.0
webb,logan,657277,webbl001,webblo01,17995,2019.0,2025.0
skenes,paul,694973,skenp001,skenepa01,-1,2024.0,2025.0
kirby,george,669923,kirbg001,kirbyge01,25436,2022.0,2024.0
gilbert,logan,669302,gilbl002,gilbelo01,22250,2021.0,2025.0
houck,tanner,656557,houct001,houckta01,19879,2020.0,2025.0
gray,sonny,543243,grays001,grayso01,12768,2013.0,2025.0
greene,hunter,668881,greeh001,greenhu01,22182,2022.0,2025.0
glasnow,tyler,607192,glast001,glasnty01,14374,2016.0,2025.0
burnes,corbin,669203,burnc002,burneco01,19361,2018.0,2025.0
valdez,framber,664285,valdf001,valdefr01,17295,2018.0,2025.0
kikuchi,yusei,579328,kikuy001,kikucyu01,20633,2019.0,2025.0
fried,max,608331,friem001,friedma01,13743,2017.0,2025.0
fedde,erick,607200,fedde001,feddeer01,17425,2017.0,2025.0
wacha,michael,608379,wachm001,wachami01,14078,2013.0,2025.0
bibee,tanner,676440,bibet001,bibeeta01,30134,2023.0,2025.0
nola,aaron,605400,nolaa001,nolaaa01,16149,2015.0,2025.0
flaherty,jack,656427,flahj002,flaheja01,17479,2017.0,2025.0
gore,mackenzie,669022,gorem001,gorema01,22201,2022.0,2025.0
brown,hunter,686613,browh001,brownhu01,25880,2022.0,2025.0
pfaadt,brandon,694297,pfaab001,pfaadbr01,27782,2023.0,2025.0
ryan,joe,657746,ryanj002,ryanjo04,21390,2021.0,2025.0
snell,blake,605483,snelb001,snellbl01,13543,2016.0,2025.0
imanaga,shota,684007,imans001,imanash01,33829,2024.0,2025.0
steele,justin,657006,steej002,steelju01,17312,2021.0,2025.0
gausman,kevin,592332,gausk001,gausmke01,14107,2013.0,2025.0
ober,bailey,641927,oberb002,oberba01,21224,2021.0,2025.0
gallen,zac,668678,gallz001,galleza01,19291,2019.0,2025.0
miller,bryce,682243,millb004,millebr04,29837,2023.0,2025.0
manaea,sean,640455,manas001,manaese01,15873,2016.0,2024.0
eflin,zach,621107,efliz001,eflinza01,13774,2016.0,2025.0
yamamoto,yoshinobu,808967,yamay001,yamamyo01,33825,2024.0,2025.0
eovaldi,nathan,543135,eovan001,eovalna01,9132,2011.0,2025.0
smith,cade,671922,smitc009,smithca06,27867,2024.0,2025.0
schwellenbach,spencer,680885,schws001,schwesp01,-1,2024.0,2025.0
jax,griffin,643377,jax-g001,jaxgr01,20253,2021.0,2025.0
singer,brady,663903,singb001,singebr01,25377,2020.0,2025.0
parker,mitchell,680730,parkm001,parkemi01,-1,2024.0,2025.0
olson,reese,681857,olsor001,olsonre01,24968,2023.0,2025.0
feltner,ryan,663372,feltr001,feltnry01,21446,2021.0,2025.0
taillon,jameson,592791,tailj001,taillja01,11674,2016.0,2025.0
castillo,luis,112116,castl001,castilu01,513,1996.0,2010.0
peralta,freddy,642547,peraf001,peralfr01,18679,2018.0,2025.0
woo,bryan,693433,woo-b001,woobr01,30279,2023.0,2025.0
littell,zack,641793,littz001,litteza01,15823,2018.0,2025.0
helsley,ryan,664854,helsr001,helslry01,18138,2019.0,2025.0
miller,mason,695243,millm004,millema03,31757,2023.0,2025.0
gil,luis,661563,gil-l001,gillu01,21052,2021.0,2024.0
keller,mitch,656605,kellm003,kellemi03,17594,2019.0,2025.0
bassitt,chris,605135,bassc001,bassich01,12304,2014.0,2025.0
nelson,ryne,669194,nelsr003,nelsory01,26253,2022.0,2025.0
myers,tobias,668964,myert001,myersto01,-1,2024.0,2024.0
heaney,andrew,571760,heana001,heanean01,15423,2014.0,2025.0
clase,emmanuel,661403,clase001,claseem01,21032,2019.0,2025.0
blanco,ronel,669854,blanr001,blancro01,19407,2022.0,2025.0
severino,luis,622663,sevel001,severlu01,15890,2015.0,2025.0
lodolo,nick,666157,lodon001,lodolni01,26378,2022.0,2025.0
strahm,matt,621381,stram001,strahma01,13799,2016.0,2025.0
bello,brayan,678394,bellb002,bellobr01,23920,2022.0,2024.0
rodriguez,grayson,680570,rodrg003,rodrigr01,24492,2023.0,2024.0
stone,gavin,694813,stong001,stonega01,27792,2023.0,2024.0
mikolas,miles,571945,mikom001,mikolmi01,9803,2012.0,2025.0
williams,trevor,592866,willt002,willitr01,16977,2016.0,2025.0
pivetta,nick,601713,piven001,pivetni01,15454,2017.0,2025.0
hoffman,jeff,656546,hoffj003,hoffmje02,17432,2016.0,2025.0
peterson,david,656849,peted003,peterda01,20302,2020.0,2025.0
crawford,kutter,676710,crawk001,crawfku01,20531,2021.0,2024.0
pepiot,ryan,686752,pepir001,pepiory01,26221,2022.0,2025.0
yates,kirby,489446,yatek001,yateski01,9073,2014.0,2025.0
robertson,david,502085,robed002,roberda08,8241,2008.0,2024.0
irvin,jake,663623,irvij001,irvinja01,21504,2023.0,2025.0
cole,gerrit,543037,coleg001,colege01,13125,2013.0,2024.0
pallante,andre,669467,palla001,pallaan01,26108,2022.0,2025.0
waldron,matt,663362,waldm003,waldrma01,25550,2023.0,2024.0
jones,jared,683003,jonej008,jonesja09,27863,2024.0,2024.0
woods richardson,simeon,680573,woods002,woodssi01,24494,2022.0,2025.0
gray,jon,592351,grayj003,grayjo02,14916,2015.0,2024.0
walker,ryan,676254,walkr001,walkery01,20423,2023.0,2025.0
falter,bailey,663559,faltb001,falteba01,20070,2021.0,2025.0
corbin,patrick,571578,corbp001,corbipa01,9323,2012.0,2025.0
schmidt,clarke,657376,schmc002,schmicl01,19899,2020.0,2024.0
herz,dj,687792,herzd001,herzdj01,-1,2024.0,2024.0
uceta,edwin,670955,ucete001,ucetaed01,20539,2021.0,2025.0
erceg,lucas,668674,ercel001,erceglu01,19360,2023.0,2025.0
anderson,tyler,542881,andet002,anderty01,12880,2016.0,2025.0
scott,tanner,656945,scott003,scottta01,17586,2017.0,2025.0
arrighetti,spencer,681293,arris001,arrigsp01,-1,2024.0,2025.0
gaddis,hunter,683769,gaddh001,gaddihu01,25636,2022.0,2025.0
iglesias,raisel,628452,igler001,iglesra01,17130,2015.0,2025.0
estrada,jeremiah,669093,estrj002,estraje01,22210,2022.0,2025.0
bradford,cody,674003,bradc003,bradfco01,27597,2023.0,2024.0
sands,cole,663485,sandc001,sandsco01,21461,2022.0,2025.0
bradley,taj,671737,bradt002,bradlta01,22543,2023.0,2025.0
gibson,kyle,502043,gibsk002,gibsoky01,10123,2013.0,2024.0
slaten,justin,686580,slatj002,slateju01,25648,2024.0,2025.0
kerkering,orion,689147,kerko001,kerkeor01,31776,2023.0,2025.0
garcia,robert,676395,garcr008,garciro04,23363,2023.0,2025.0
marsh,alec,679525,marsa001,marshal01,27451,2023.0,2024.0
kremer,dean,665152,kremd001,kremede01,19350,2020.0,2025.0
holton,tyler,663947,holtt002,holtoty01,26231,2022.0,2025.0
montas,frankie,593423,montf001,montafr02,14309,2015.0,2024.0
musgrove,joe,605397,musgj001,musgrjo01,12970,2016.0,2024.0
martinez,justin,679885,martj011,martiju01,24453,2023.0,2025.0
bido,osvaldo,674370,bidoo001,bidoos01,23150,2023.0,2025.0
jansen,kenley,445276,jansk001,janseke01,3096,2010.0,2025.0
megill,tylor,656731,megit002,megilty01,21318,2021.0,2025.0
akin,keegan,669211,akink001,akinke01,19362,2020.0,2025.0
bradish,kyle,680694,bradk001,bradiky01,24586,2022.0,2024.0
ginkel,kevin,656464,ginkk001,ginkeke01,19876,2019.0,2024.0
adam,jason,592094,adamj002,adamja01,11861,2018.0,2025.0
lynn,lance,458681,lynnl001,lynnla01,2520,2011.0,2024.0
cronin,declan,686539,crond001,cronide01,25645,2023.0,2024.0
williams,gavin,668909,willg004,williga01,30122,2023.0,2025.0
flexen,chris,623167,flexc001,flexech01,13896,2017.0,2024.0
faucher,calvin,676534,faucc001,fauchca01,20116,2022.0,2025.0
mize,casey,663554,mizec001,mizeca01,20492,2020.0,2025.0
brown,ben,676962,browb006,brownbe02,23590,2024.0,2025.0
sears,jp,676664,searj001,searsjp01,23429,2022.0,2025.0
spence,mitch,687765,spenm001,spencmi01,27707,2024.0,2025.0
mantiply,joe,573009,mantj002,mantijo01,14857,2016.0,2025.0
gomber,austin,596295,gomba001,gombeau01,16561,2018.0,2024.0
holmes,clay,605280,holmc001,holmecl01,13649,2018.0,2025.0
santana,dennis,642701,santd003,santade01,17878,2018.0,2025.0
cruz,fernando,518585,cruzf002,cruzfe01,7048,2022.0,2025.0
holmes,grant,656550,holmg001,holmegr01,-1,2024.0,2025.0
sandoval,patrick,663776,sandp002,sandopa02,19447,2019.0,2024.0
abbott,andrew,671096,abboa001,abbotan01,29911,2023.0,2025.0
morton,charlie,119424,mortc101,mortoch01,1009231,1882.0,1885.0
law,derek,571882,law-d001,lawde01,13133,2016.0,2024.0
darvish,yu,506433,darvy001,darviyu01,13074,2012.0,2024.0
criswell,cooper,681867,crisc002,criswco01,24975,2021.0,2025.0
vesia,alex,681911,vesia001,vesiaal01,25007,2020.0,2025.0
weathers,ryan,677960,weatr001,weathry01,23796,2021.0,2024.0
chapman,aroldis,547973,chapa001,chapmar01,10233,2010.0,2025.0
cannon,jonathan,686563,cannj001,cannojo02,-1,2024.0,2025.0
baz,shane,669358,baz-s001,bazsh01,22264,2021.0,2025.0
bummer,aaron,607481,bumma001,bummeaa01,16258,2017.0,2025.0
schreiber,john,670167,schrj001,schrejo01,20020,2019.0,2025.0
vest,will,676684,vestw001,vestwi01,19769,2021.0,2025.0
banks,tanner,621383,bankt001,banksta01,16990,2022.0,2025.0
festa,david,701581,festd001,festada01,-1,2024.0,2025.0
stripling,ross,548389,strir001,stripro01,13273,2016.0,2024.0
quintana,jose,500779,quinj001,quintjo01,11423,2012.0,2025.0
stroman,marcus,573186,strom001,stromma01,13431,2014.0,2025.0
francis,bowden,670102,franb002,francbo01,20548,2022.0,2025.0
treinen,blake,595014,treib001,treinbl01,12572,2014.0,2025.0
weaver,luke,596133,weavl001,weavelu01,16918,2016.0,2025.0
assad,javier,665871,assaj001,assadja01,21741,2022.0,2024.0
herrin,tim,682120,herrt002,herriti01,25139,2023.0,2025.0
paddack,chris,663978,paddc001,paddach01,20099,2019.0,2025.0
megill,trevor,656730,megit001,megiltr01,17722,2021.0,2025.0
rasmussen,drew,656876,rasmd002,rasmudr01,25385,2020.0,2025.0
rea,colin,607067,rea-c001,reaco01,12317,2015.0,2025.0
koenig,jared,657649,koenj001,koenija01,27517,2022.0,2025.0
suarez,robert,663158,suarr002,suarero01,30115,2022.0,2025.0
garrett,reed,657585,garrr001,garrere01,16866,2019.0,2025.0
hader,josh,623352,hadej001,haderjo01,14212,2017.0,2025.0
civale,aaron,650644,civaa001,civalaa01,19479,2019.0,2025.0
thompson,ryan,657044,thomr007,thompry02,16647,2020.0,2025.0
phillips,evan,623465,phile001,phillev01,17734,2018.0,2024.0
bender,anthony,669622,benda001,bendean01,19742,2021.0,2025.0
milner,hoby,571948,milnh001,milneho01,13346,2017.0,2025.0
freeland,kyle,607536,freek001,freelky01,16256,2017.0,2025.0
junis,jakob,596001,junij001,junisja01,13619,2017.0,2025.0
hodge,porter,687863,hodgp001,hodgepo01,-1,2024.0,2025.0
abreu,bryan,650556,abreb002,abreubr01,16609,2019.0,2025.0
martin,chris,455119,martc007,martich02,11847,2014.0,2025.0
ross,joe,605452,rossj002,rossjo01,12972,2015.0,2025.0
lowder,rhett,695076,lowdr001,lowderh01,-1,2024.0,2024.0
rogers,trevor,669432,roget003,rogertr01,22286,2020.0,2024.0
bubic,kris,663460,bubik001,bubickr01,21455,2020.0,2025.0
lively,ben,594902,liveb001,livelbe01,14932,2017.0,2025.0
harrison,kyle,690986,harrk001,harriky01,27758,2023.0,2024.0
kelly,kevin,687330,kellk004,kellyke02,25679,2023.0,2025.0
lee,dylan,669276,lee-d005,leedy01,19996,2021.0,2025.0
santillan,tony,663574,santt001,santito01,19926,2021.0,2025.0
bieber,shane,669456,biebs001,biebesh01,19427,2018.0,2024.0
pressly,ryan,519151,presr001,pressry01,7005,2013.0,2025.0
williams,devin,642207,willd004,willide03,15816,2019.0,2025.0
fernandez,ryan,681676,fernr001,fernary01,-1,2024.0,2025.0
mears,nick,683232,mearn001,mearsni01,25376,2020.0,2025.0
paxton,james,572020,paxtj001,paxtoja01,11828,2013.0,2024.0
lorenzen,michael,547179,lorem002,lorenmi01,14843,2015.0,2025.0
estes,joey,683155,estej001,estesjo01,26257,2023.0,2025.0
hudson,bryan,663542,hudsb001,hudsobr01,19924,2023.0,2025.0
hurter,brant,676428,hurtb001,hurtebr01,-1,2024.0,2025.0
kelly,merrill,518876,kellm002,kellyme01,11156,2019.0,2025.0
verlander,justin,434378,verlj001,verlaju01,8700,2005.0,2025.0
brieske,beau,689225,brieb001,briesbe01,26079,2022.0,2025.0
ferguson,tyler,621053,fergt001,ferguty01,-1,2024.0,2025.0
detmers,reid,672282,detmr001,detmere01,27468,2021.0,2025.0
turnbull,spencer,605513,turns003,turnbsp01,16207,2018.0,2024.0
armstrong,shawn,542888,armss001,armstsh01,12857,2015.0,2025.0
nardi,andrew,677053,narda001,nardian01,25942,2022.0,2024.0
gasser,robert,688107,gassr001,gassero01,-1,2024.0,2024.0
stratton,hunter,676702,strah001,strathu01,23455,2023.0,2024.0
harvey,hunter,640451,harvh001,harvehu01,15507,2019.0,2025.0
hamilton,ian,641656,hamii001,hamilia01,19261,2018.0,2025.0
montgomery,jordan,656756,montj004,montgjo01,16511,2017.0,2024.0
beeks,jalen,656222,beekj001,beeksja02,17192,2018.0,2025.0
floro,dylan,571670,flord002,florody01,13394,2016.0,2024.0
mlodzinski,carmen,669387,mlodc001,mlodzca01,27572,2023.0,2025.0
ashcraft,graham,668933,ashcg001,ashcrgr01,27552,2022.0,2025.0
cano,yennier,666974,canoy001,canoye01,25911,2022.0,2025.0
thornton,trent,663423,thort002,thorntr01,17948,2019.0,2025.0
tonkin,michael,543859,tonkm001,tonkimi01,10315,2013.0,2024.0
cabrera,edward,665795,cabre003,cabreed02,21690,2021.0,2025.0
mcgreevy,michael,700241,mcgrm001,mcgremi01,-1,2024.0,2024.0
rogers,tyler,643511,roget002,rogerty01,15541,2019.0,2025.0
farmer,buck,571656,farmb001,farmebu01,14814,2014.0,2024.0
payamps,joel,606303,payaj001,payamjo01,14332,2019.0,2025.0
fairbanks,pete,664126,fairp001,fairbpe01,17998,2019.0,2025.0
joyce,ben,690829,joycb001,joycebe01,31461,2023.0,2025.0
hoeing,bryan,663773,hoeib001,hoeinbr01,26304,2022.0,2024.0
webb,jacob,657097,webbj002,webbja01,19274,2019.0,2025.0
scherzer,max,453286,schem001,scherma01,3137,2008.0,2025.0
kochanowicz,jack,686799,kochj001,kochaja01,-1,2024.0,2025.0
kershaw,clayton,477132,kersc001,kershcl01,2036,2008.0,2024.0
garrett,braxton,666129,garrb001,garrebr01,21844,2020.0,2024.0
ashby,aaron,676879,ashba003,ashbyaa01,23550,2021.0,2024.0
martin,davis,663436,martd006,martida03,21448,2022.0,2025.0
quantrill,cal,615698,quanc001,quantca01,19312,2019.0,2025.0
johnson,pierce,572955,johnp001,johnspi01,13435,2017.0,2025.0
miller,tyson,668338,millt003,millety01,19976,2020.0,2024.0
harris,hogan,663687,harrh002,harriho03,21520,2023.0,2025.0
weissert,greg,669711,weisg001,weissgr01,20375,2022.0,2025.0
hill,tim,657612,hillt002,hillti01,16814,2018.0,2025.0
hicks,jordan,663855,hickj002,hicksjo03,19618,2018.0,2025.0
snider,collin,676092,snidc001,snideco01,23307,2022.0,2025.0
banda,anthony,607455,banda001,bandaan01,14706,2017.0,2025.0
moll,sam,594580,molls001,mollsa01,14874,2017.0,2025.0
knack,landon,689017,knacl001,knackla01,-1,2024.0,2025.0
soto,gregory,642397,sotog003,sotogr01,19677,2019.0,2025.0
povich,cade,700249,povic001,povicca01,-1,2024.0,2025.0
means,john,607644,meanj001,meansjo01,16269,2018.0,2024.0
ottavino,adam,493603,ottaa001,ottavad01,1247,2010.0,2025.0
hanifee,brenan,669724,hanib001,hanifbr01,22304,2023.0,2025.0
coulombe,danny,543056,could001,couloda01,13293,2014.0,2025.0
roupp,landen,694738,roupl001,rouppla01,30076,2024.0,2025.0
daniel,davis,669721,danid001,danieda01,27582,2023.0,2024.0
fitts,richard,690916,fittr001,fittsri01,-1,2024.0,2025.0
kopech,michael,656629,kopem001,kopecmi01,17282,2018.0,2024.0
festa,matt,670036,festm001,festama01,19330,2018.0,2024.0
blackburn,paul,621112,blacp001,blackpa01,14739,2017.0,2024.0
chafin,andrew,605177,chafa001,chafian01,12988,2014.0,2024.0
miller,erik,669062,mille002,milleer01,26252,2024.0,2025.0
grove,michael,675627,grovm001,grovemi01,23221,2022.0,2024.0
hendricks,kyle,543294,hendk001,hendrky01,12049,2014.0,2025.0
guenther,sean,674944,guens001,guentse01,20045,2021.0,2024.0
liberatore,matthew,669461,libem001,liberma01,22294,2022.0,2025.0
burke,sean,680732,burks001,burkese01,-1,2024.0,2025.0
springs,jeffrey,605488,sprij001,sprinje01,17677,2018.0,2025.0
sborz,josh,622250,sborj002,sborzjo01,18323,2019.0,2024.0
cantillo,joey,676282,cantj002,cantijo01,-1,2024.0,2025.0
medina,luis,118901,medil001,medinlu01,1008715,1988.0,1991.0
burke,brock,656271,burkb001,burkebr01,17968,2019.0,2025.0
ryan,river,689981,ryanr003,ryanri01,-1,2024.0,2024.0
reid-foley,sean,656887,reids001,reidfse01,17034,2018.0,2024.0
whitlock,garrett,676477,whitg002,whitlga01,20191,2021.0,2025.0
king,bryan,687911,kingb001,kingbr02,-1,2024.0,2025.0
varland,gus,681402,varlg001,varlagu01,24737,2023.0,2024.0
brasier,ryan,518489,brasr001,brasiry01,5615,2013.0,2025.0
sabrowski,erik,681870,sabre001,sabroer01,-1,2024.0,2024.0
degrom,jacob,594798,degrj001,degroja01,10954,2014.0,2025.0
zeferjahn,ryan,666171,zefer001,zeferry01,-1,2024.0,2025.0
burr,ryan,621114,burrr002,burrry01,17536,2018.0,2024.0
scott,christian,681035,scotc001,scottch01,-1,2024.0,2024.0
irvin,cole,608344,irvic001,irvinco01,19244,2019.0,2024.0
kittredge,andrew,552640,kitta001,kittran01,12828,2017.0,2024.0
vodnik,victor,680767,vodnv001,vodnivi01,24614,2023.0,2025.0
garcia,luis,150193,garcl002,garcilu01,1004504,1999.0,1999.0
matsui,yuki,673513,matsy001,matsuyu01,33826,2024.0,2025.0
smith,burch,572143,smitb005,smithbu03,12784,2013.0,2024.0
morgan,eli,669212,morge001,morgael01,20203,2021.0,2025.0
king,john,667463,kingj002,kingjo01,22051,2020.0,2025.0
strickland,hunter,519326,strih001,strichu01,7836,2014.0,2024.0
javier,cristian,664299,javic001,javiecr01,17606,2020.0,2024.0
hjelle,sean,663546,hjels001,hjellse01,21481,2022.0,2024.0
kolek,stephen,663568,koles001,kolekst01,21487,2024.0,2024.0
boyle,joe,671212,boylj001,boylejo01,29608,2023.0,2024.0
cobb,alex,502171,cobba001,cobbal01,6562,2011.0,2024.0
booser,cam,592155,boosc001,booseca01,-1,2024.0,2025.0
bazardo,eduard,660825,bazae001,bazared01,20997,2021.0,2025.0
paredes,enoli,660600,paree003,pareden01,20447,2020.0,2024.0
basso,brady,669620,bassb002,bassobr01,-1,2024.0,2024.0
leahy,kyle,681517,leahk001,leahyky01,24763,2023.0,2025.0
brito,jhony,666745,britj003,britojh01,25386,2023.0,2024.0
dubin,shawn,681869,dubis001,dubinsh01,24977,2023.0,2024.0
sewald,paul,623149,sewap001,sewalpa01,13892,2017.0,2025.0
ferguson,caleb,657571,fergc001,ferguca01,19349,2018.0,2025.0
guerrero,luis,692285,guerl001,guerrlu01,-1,2024.0,2024.0
peralta,luis,678821,peral001,perallu01,-1,2024.0,2025.0
bigge,hunter,685801,biggh001,biggehu01,-1,2024.0,2025.0
hentges,sam,656529,hents001,hentgsa01,18548,2021.0,2024.0
fulmer,carson,608334,fulmc001,fulmeca01,18311,2016.0,2024.0
kuhl,chad,641771,kuhlc001,kuhlch01,14975,2016.0,2024.0
brewer,colten,605155,brewc002,breweco01,12997,2018.0,2024.0
scott,tayler,605463,scott004,scottta02,13652,2019.0,2025.0
cleavinger,garrett,664076,cleag001,cleavga01,17897,2020.0,2025.0
hudson,daniel,543339,hudsd001,hudsoda01,7146,2009.0,2024.0
avila,pedro,658648,avilp001,avilape01,18864,2019.0,2024.0
canning,griffin,656288,canng001,cannigr01,19867,2019.0,2025.0
crouse,hans,668968,crouh001,crousha01,22192,2021.0,2024.0
bernardino,brennan,657514,bernb001,bernabr01,16835,2022.0,2025.0
winckowski,josh,670174,wincj001,winckjo01,22387,2022.0,2025.0
young,danny,277415,yound002,youngda01,1014370,2000.0,2000.0
poteet,cody,547001,potec001,poteeco01,18769,2021.0,2024.0
foley,jason,671345,folej001,foleyja01,19531,2021.0,2024.0
holderman,colin,670059,holdc001,holdeco01,22361,2022.0,2025.0
long,sam,669674,longs002,longsa01,25379,2021.0,2025.0
wesneski,hayden,669713,wesnh001,wesneha01,27581,2022.0,2025.0
priester,quinn,682990,prieq001,priesqu01,25977,2023.0,2025.0
halvorsen,seth,678020,halvs001,halvose01,-1,2024.0,2025.0
saucedo,tayler,642048,sauct001,sauceta01,17888,2021.0,2025.0
zerpa,angel,672582,zerpa001,zerpaan01,22717,2021.0,2025.0
shuster,jared,694363,shusj001,shustja01,27472,2023.0,2024.0
tate,dillon,622253,tated001,tatedi01,17796,2019.0,2024.0
thielbar,caleb,573204,thiec001,thielca01,10078,2013.0,2025.0
lambert,peter,663567,lambp001,lambepe01,17969,2019.0,2024.0
elder,bryce,693821,eldeb001,elderbr01,27779,2022.0,2025.0
cecconi,slade,677944,ceccs001,ceccosl01,27500,2023.0,2024.0
rogers,taylor,573124,roget001,rogerta01,13449,2016.0,2025.0
smith,drew,622098,smitd009,smithdr01,17755,2018.0,2024.0
suter,brent,608718,suteb001,suterbr01,13942,2016.0,2025.0
veneziano,anthony,685107,venea001,venezan01,27453,2023.0,2025.0
almonte,yency,622075,almoy001,almonye01,15068,2018.0,2024.0
staumont,josh,622251,stauj001,staumjo01,18335,2019.0,2024.0
madden,ty,680744,maddt001,maddety01,-1,2024.0,2024.0
anderson,justin,605121,andej005,anderju01,16201,2018.0,2024.0
gonzales,marco,594835,gonzm005,gonzama02,15467,2014.0,2024.0
hall,dl,669084,halld004,halldl01,22207,2022.0,2024.0
wilson,justin,458677,wilsj004,wilsoju10,4301,2012.0,2025.0
maldonado,anthony,687424,malda001,maldoan01,-1,2024.0,2024.0
molina,anthony,683627,molia001,molinan01,26952,2024.0,2024.0
reynolds,sean,669308,reyns002,reynose01,-1,2024.0,2024.0
jacob,alek,689690,jacoa001,jacobal01,29628,2023.0,2025.0
salazar,eduardo,674285,salae001,salazed01,23135,2023.0,2025.0
rocker,kumar,677958,rockk001,rockeku01,-1,2024.0,2025.0
manning,matt,666159,mannm001,mannima02,20369,2021.0,2024.0
mahle,tyler,641816,mahlt001,mahlety01,16358,2017.0,2025.0
speier,gabe,642100,speig001,speiega01,17170,2019.0,2025.0
wells,tyler,669330,wellt003,wellsty01,20000,2021.0,2024.0
peguero,elvis,665625,pegue001,pegueel01,21652,2021.0,2025.0
kimbrel,craig,518886,kimbc001,kimbrcr01,6655,2010.0,2024.0
birdsong,hayden,806185,birdh001,birdsha01,31635,2024.0,2025.0
doval,camilo,666808,dovac001,dovalca01,21992,2021.0,2025.0
mcarthur,james,663704,mcarj001,mcartja01,21527,2023.0,2024.0
spiers,carson,686730,spiec001,spierca01,27685,2023.0,2025.0
kelly,michael,547184,kellm004,kellymi03,12791,2022.0,2024.0
little,luke,681432,littl001,littllu01,28036,2023.0,2024.0
maton,phil,664208,matop002,matonph01,18064,2017.0,2025.0
lovelady,richard,663992,lover001,lovelri01,19337,2019.0,2025.0
carrasco,carlos,471911,carrc003,carraca01,6632,2009.0,2025.0
mcmillon,john,669111,mcmij001,mcmiljo01,27942,2023.0,2024.0
cousins,jake,664776,cousj001,cousija01,21620,2021.0,2024.0
thompson,keegan,624522,thomk002,thompke02,19795,2021.0,2024.0
ellard,fraser,686642,ellaf001,ellarfr01,-1,2024.0,2025.0
nicolas,kyle,693312,nicok001,nicolky01,27775,2023.0,2025.0
pearson,nate,663878,pearn001,pearsna01,20160,2020.0,2025.0
richards,trevor,670950,richt001,richatr01,19309,2018.0,2024.0
allard,kolby,663465,allak001,allarko01,18694,2018.0,2024.0
blewett,scott,656240,blews001,blewesc01,16427,2020.0,2025.0
alexander,scott,518397,alexs001,alexasc02,10591,2015.0,2025.0
honeywell,brent,641703,honeb001,honeybr01,16466,2021.0,2024.0
sulser,cole,642121,sulsc001,sulseco01,15256,2019.0,2025.0
henriquez,ronny,678692,henrr001,henriro01,24094,2022.0,2025.0
berroa,prelander,672860,berrp001,berropr01,22932,2023.0,2024.0
roberts,ethan,681799,robee001,roberet01,24930,2022.0,2025.0
holman,grant,680880,holmg002,holmagr01,-1,2024.0,2024.0
roycroft,chris,688297,roycc001,roycrch01,-1,2024.0,2025.0
wentz,joey,666214,wentj001,wentzjo01,19962,2022.0,2025.0
baker,bryan,641329,bakeb001,bakerbr01,19804,2021.0,2025.0
matz,steven,571927,matzs001,matzst01,13361,2015.0,2025.0
kerr,ray,678061,kerrr001,kerrra01,23809,2022.0,2024.0
merryweather,julian,657240,merrj001,merryju01,16703,2020.0,2025.0
nittoli,vinny,657697,nittv001,nittovi01,16754,2021.0,2024.0
herget,kevin,643361,hergk001,hergeke01,15369,2022.0,2024.0
beck,tristan,663941,beckt002,becktr01,21584,2023.0,2024.0
kahnle,tommy,592454,kahnt001,kahnlto01,11384,2014.0,2025.0
strzelecki,peter,657265,strzp001,strzepe01,21367,2022.0,2024.0
muller,kyle,666205,mullk001,mulleky01,20167,2021.0,2024.0
nance,tommy,667297,nanct001,nanceto01,19178,2021.0,2024.0
lange,alex,656638,langa001,langeal01,19883,2021.0,2024.0
herget,jimmy,623474,hergj001,hergeji01,17556,2019.0,2025.0
kuhnel,joel,669270,kuhnj001,kuhnejo01,19995,2019.0,2024.0
zulueta,yosver,691172,zuluy001,zulueyo01,-1,2024.0,2024.0
stewart,brock,592779,stewb001,stewabr01,16727,2016.0,2024.0
castellanos,humberto,528748,casth002,castehu01,21183,2020.0,2024.0
brebbia,john,605154,brebj001,brebbjo01,12777,2017.0,2025.0
palencia,daniel,694037,paled001,palenda01,27914,2023.0,2024.0
barnes,matt,598264,barnm001,barnema01,12863,2014.0,2024.0
woodford,jake,663765,woodj003,woodfja01,18674,2020.0,2024.0
warren,will,701542,warrw001,warrewi01,-1,2024.0,2025.0
barnes,jacob,606930,barnj002,barneja01,12323,2016.0,2025.0
stanek,ryne,592773,stanr002,stanery01,15947,2017.0,2025.0
green,chad,643338,greec003,greench03,15552,2016.0,2025.0
finnegan,kyle,640448,finnk001,finneky01,15009,2020.0,2025.0
barlow,scott,605130,barls001,barlosc01,14993,2018.0,2025.0
ray,robbie,592662,ray-r002,rayro02,11486,2014.0,2025.0
maeda,kenta,628317,maedk001,maedake01,18498,2016.0,2025.0
cimber,adam,643256,cimba001,cimbead01,15288,2018.0,2024.0
winn,keaton,676775,winnk001,winnke01,23499,2023.0,2024.0
voth,austin,608723,votha001,vothau01,15047,2018.0,2024.0
curry,xzavion,675540,currx001,curryxz01,25595,2022.0,2025.0
oller,adam,670124,ollea001,ollerad01,20132,2022.0,2024.0
hudson,dakota,641712,hudsd002,hudsoda02,19206,2018.0,2024.0
rogers,josh,642028,rogej003,rogerjo01,18510,2018.0,2024.0
uribe,abner,682842,uriba001,uribeab01,25327,2023.0,2025.0
criswell,jeff,676105,crisj001,criswje01,-1,2024.0,2024.0
pennington,walter,679156,pennw002,penniwa01,-1,2024.0,2024.0
manoah,alek,666201,manoa001,manoaal01,26410,2021.0,2024.0
adams,austin,613534,adama002,adamsau02,13801,2017.0,2024.0
fleming,josh,676596,flemj001,flemijo01,20418,2020.0,2024.0
kelly,joe,116950,kellj102,kellyjo03,1006804,1914.0,1919.0
ryan,ryder,656924,ryanr002,ryanry01,19891,2023.0,2024.0
blalock,bradley,687134,blalb001,blalobr01,-1,2024.0,2025.0
avila,nick,687014,aviln001,avilani01,25667,2024.0,2024.0
warren,austin,681810,warra003,warreau01,24937,2021.0,2024.0
castillo,diego,660636,castd004,castidi02,19906,2022.0,2024.0
young,alex,622065,youna002,youngal01,18333,2019.0,2024.0
vespi,nick,663989,vespn001,vespini01,21093,2022.0,2024.0
taylor,troy,700187,taylt003,taylotr01,-1,2024.0,2024.0
robertson,nick,687798,roben002,roberni01,26226,2023.0,2024.0
snead,kirby,669912,sneak001,sneadki01,19179,2021.0,2024.0
lazar,max,676661,lazam001,lazarma01,-1,2024.0,2024.0
peralta,sammy,671111,peras001,peralsa01,25589,2023.0,2024.0
walker,josh,677020,walkj004,walkejo03,23617,2023.0,2024.0
lucchesi,joey,664192,luccj001,lucchjo01,19320,2018.0,2024.0
waguespack,jacob,621097,waguj001,wagueja01,18318,2019.0,2024.0
tyler,kyle,667725,tylek001,tylerky01,22092,2021.0,2024.0
allen,logan,671106,allel003,allenlo02,27589,2023.0,2025.0
davis,noah,663562,davin001,davisno01,25862,2022.0,2024.0
ramirez,nick,598286,ramin003,ramirni01,12575,2019.0,2024.0
ramirez,emmanuel,642629,ramie006,ramirem01,-1,2024.0,2024.0
gillaspie,logan,670810,gilll001,gillalo01,22461,2022.0,2025.0
de geus,brett,676969,degeb001,degeubr01,23592,2021.0,2024.0
rodriguez,carlos,692230,rodrc003,rodrica02,-1,2024.0,2024.0
borucki,ryan,621366,borur001,borucry01,16350,2018.0,2025.0
winn,cole,668390,winnc001,winnco01,-1,2024.0,2024.0
anderson,shaun,641312,andes002,andersh01,19453,2019.0,2024.0
romero,jojo,668941,romej002,romerjo01,19574,2020.0,2025.0
montero,keider,672456,montk001,monteke01,-1,2024.0,2024.0
kinley,tyler,641755,kinlt001,kinlety01,18297,2018.0,2025.0
yarbrough,ryan,642232,yarbr001,yarbrry01,16502,2018.0,2025.0
dunning,dane,641540,dunnd001,dunnida01,19409,2020.0,2024.0
jackson,luke,592426,jackl001,jackslu01,11752,2015.0,2025.0
phillips,tyler,663969,philt002,phillty01,-1,2024.0,2025.0
bellozo,valente,678368,bellv001,bellova01,-1,2024.0,2025.0
thorpe,drew,689672,thord001,thorpdr01,-1,2024.0,2024.0
wicks,jordan,696136,wickj001,wicksjo01,30094,2023.0,2024.0
marinaccio,ron,676760,marir001,marinro01,23488,2022.0,2024.0
wood,alex,622072,wooda002,woodal02,13781,2013.0,2024.0
englert,mason,669438,englm001,englema01,22288,2023.0,2025.0
houser,adrian,605288,housa001,housead01,12718,2015.0,2024.0
howard,spencer,675921,howas003,howarsp01,23252,2020.0,2024.0
funderburk,kody,681892,fundk001,fundeko01,24993,2023.0,2025.0
toussaint,touki,657053,toust001,toussto01,16929,2018.0,2024.0
lucas,easton,687922,lucae002,lucasea01,26058,2023.0,2025.0
miller,ryan,668943,millr004,millery01,-1,2024.0,2024.0
kilian,caleb,668873,kilic001,kiliaca01,26213,2022.0,2024.0
nelson,kyle,669459,nelsk001,nelsoky01,20515,2020.0,2024.0
bolton,cody,675989,boltc001,boltoco01,23265,2023.0,2024.0
la sorsa,joe,686747,lasoj001,lasorjo01,25481,2023.0,2024.0
garabito,gerson,642520,garag001,garabge01,-1,2024.0,2025.0
brooks,aaron,605156,brooa001,brookaa01,12272,2014.0,2024.0
hill,jaden,677955,hillj002,hillja01,-1,2024.0,2024.0
lopez,jacob,682052,lopej007,lopezja04,25098,2023.0,2024.0
keuchel,dallas,572971,keucd001,keuchda01,9434,2012.0,2024.0
bush,ky,681066,bushk001,bushky01,-1,2024.0,2024.0
mayza,tim,641835,mayzt001,mayzati01,15042,2017.0,2025.0
mushinski,parker,656786,mushp001,mushipa01,21324,2022.0,2024.0
senzatela,antonio,622608,senza001,senzaan01,15488,2017.0,2025.0
clevinger,mike,605182,clevm001,clevimi01,12808,2016.0,2025.0
adon,joan,672851,adonj001,adonjo01,22925,2021.0,2024.0
pinto,ricardo,620982,pintr002,pintori01,16318,2017.0,2024.0
heller,ben,621294,hellb001,hellebe01,15100,2016.0,2024.0
miller,shelby,571946,mills001,millesh01,10197,2012.0,2025.0
wilson,bryse,669060,wilsb003,wilsobr02,19990,2018.0,2025.0
stratton,chris,608717,strac001,stratch01,13761,2016.0,2025.0
martinez,seth,661527,marts003,martise01,21045,2021.0,2024.0
anderson,nick,623433,anden001,anderni01,18337,2019.0,2024.0
okert,steven,595345,okers001,okertst01,13580,2016.0,2025.0
bednar,david,670280,bednd001,bednada01,19569,2019.0,2025.0
petersen,michael,656848,petem001,petermi01,-1,2024.0,2024.0
chavez,jesse,445926,chavj001,chaveje01,5448,2008.0,2025.0
ort,kaleb,672391,ort-k001,ortka01,20061,2021.0,2024.0
walston,blake,686796,walsb001,walstbl01,-1,2024.0,2024.0
buehler,walker,621111,buehw001,buehlwa01,19374,2017.0,2025.0
newcomb,sean,656794,newcs001,newcose01,16943,2017.0,2025.0
matthews,zebby,805673,mattz001,matthze01,31827,2024.0,2024.0
beede,tyler,595881,beedt001,beedety01,16981,2018.0,2024.0
williamson,brandon,682227,willb003,willibr02,25463,2023.0,2024.0
rainey,tanner,663432,raint003,raineta01,17610,2018.0,2024.0
castro,miguel,612434,castm002,castrmi01,15684,2015.0,2024.0
rosenberg,kenny,670046,rosek001,rosenke01,20009,2022.0,2024.0
chirinos,yonny,630023,chiry001,chiriyo01,16401,2018.0,2024.0
marte,yunior,628708,marty001,marteyu01,14416,2022.0,2024.0
cueto,johnny,456501,cuetj001,cuetojo01,6893,2008.0,2024.0
sauer,matt,669422,sauem001,sauerma01,22284,2024.0,2025.0
vines,darius,670241,vined001,vinesda01,25928,2023.0,2024.0
gordon,tanner,685299,gordt002,gordota01,-1,2024.0,2024.0
leiter,jack,683004,leitj001,leiteja01,-1,2024.0,2025.0
jefferies,daulton,641726,jeffd001,jeffeda01,19345,2020.0,2024.0
teng,kai-wei,678906,tengk001,tengka01,24282,2024.0,2024.0
matzek,tyler,554431,matzt001,matzety01,10058,2014.0,2024.0
cosgrove,tom,676680,cosgt001,cosgrto01,23443,2023.0,2024.0
kelly,zack,677161,kellz001,kellyza01,20349,2022.0,2025.0
smyly,drew,592767,smyld001,smylydr01,11760,2012.0,2024.0
bivens,spencer,702352,bives001,bivensp01,-1,2024.0,2025.0
meyer,max,676974,meyem001,meyerma01,27474,2022.0,2025.0
chivilli,angel,683409,chiva001,chivian01,-1,2024.0,2025.0
aguiar,julian,687924,aguij002,aguiaju01,-1,2024.0,2024.0
little,brendon,663893,littb002,littlbr02,21574,2022.0,2025.0
poche,colin,621363,pochc001,pocheco01,19403,2019.0,2025.0
sims,lucas,608371,simsl001,simslu01,13470,2017.0,2025.0
bielak,brandon,656232,bielb001,bielabr01,19866,2020.0,2024.0
black,mason,696131,blacm001,blackma01,-1,2024.0,2024.0
romano,jordan,605447,romaj004,romanjo03,16122,2019.0,2025.0
mazur,adam,800049,mazua001,mazurad01,31900,2024.0,2024.0
jackson,jay,543351,jackj001,jacksja01,7432,2015.0,2024.0
plesac,zach,668676,plesz001,plesaza01,19979,2019.0,2024.0
bloss,jake,814005,blosj001,blossja01,33168,2024.0,2024.0
thompson,zack,668868,thomz002,thompza02,25918,2022.0,2024.0
hancock,emerson,676106,hance001,hancoem01,27470,2023.0,2025.0
baumann,mike,657508,baumm001,baumami01,20206,2021.0,2024.0
contreras,roansy,672710,contr001,contrro01,22810,2021.0,2024.0
bird,jake,656234,birdj001,birdja01,21267,2022.0,2025.0
sammons,bryan,676614,sammb001,sammobr01,-1,2024.0,2024.0
wrobleski,justin,680736,wrobj001,wroblju01,-1,2024.0,2025.0
white,mitch,669952,whitm004,whitemi03,19225,2020.0,2024.0
vieira,thyago,600986,vieit001,vieirth01,14510,2017.0,2024.0
keller,brad,641745,kellb003,kellebr01,15734,2018.0,2025.0
mccaughan,darren,670766,mccad002,mccauda01,20038,2021.0,2025.0
leasure,jordan,673929,leasj001,leasujo01,29950,2024.0,2025.0
smith,will,519293,smitw002,smithwi04,8048,2012.0,2024.0
emanuel,kent,592288,emank001,emanuke01,15849,2021.0,2024.0
leone,dominic,608678,leond003,leonedo01,13763,2014.0,2024.0
faedo,alex,656412,faeda001,faedoal01,19874,2022.0,2024.0
peralta,wandy,593974,peraw002,peralwa01,14295,2016.0,2025.0
ramirez,erasmo,285063,ramie001,ramirer01,1699,2003.0,2007.0
gallegos,giovanny,606149,gallg001,gallegi01,14986,2017.0,2024.0
henry,tommy,674072,henrt001,henryto01,26285,2022.0,2024.0
horn,bailey,690544,hornb002,hornba01,-1,2024.0,2024.0
weems,jordan,607179,weemj001,weemsjo01,13190,2020.0,2024.0
dana,caden,702674,danac001,danaca01,-1,2024.0,2025.0
anderson,chase,502624,andec001,anderch01,6895,2014.0,2024.0
nastrini,nick,680897,nastn001,nastrni01,-1,2024.0,2024.0
hughes,brandon,676714,hughb002,hughebr01,23460,2022.0,2024.0
alexander,tyler,641302,alext001,alexaty01,17735,2019.0,2025.0
blach,ty,621389,blact002,blachty01,14361,2016.0,2024.0
jarvis,bryce,686826,jarvb001,jarvibr01,27477,2023.0,2025.0
soriano,george,666277,sorig001,soriage01,21863,2023.0,2025.0
sandlin,nick,680704,sandn001,sandlni01,20517,2021.0,2025.0
moore,matt,519043,moorm003,moorema02,1890,2011.0,2024.0
swanson,erik,657024,swane001,swanser01,16587,2019.0,2024.0
pop,zach,647315,pop-z001,popza01,20185,2021.0,2024.0
devenski,chris,606965,devec001,devench02,12763,2016.0,2024.0
wilson,steven,621051,wilss002,wilsost02,20353,2022.0,2024.0
mcgough,scott,543518,mcgos001,mcgousc01,12056,2015.0,2024.0
mercado,michael,675650,mercm002,mercami01,-1,2024.0,2024.0
lawrence,justin,664875,lawrj002,lawreju01,17639,2021.0,2025.0
diekman,jake,518617,diekj001,diekmja01,5003,2012.0,2024.0
alzolay,adbert,640470,alzoa001,alzolad01,17859,2019.0,2024.0
miller,bobby,676272,millb005,millebo06,27483,2023.0,2024.0
montero,rafael,606160,montr004,montera01,12760,2014.0,2025.0
de los santos,enyel,660853,deloe001,delosen01,18403,2018.0,2025.0
anderson,grant,681982,andeg002,andergr01,20546,2023.0,2025.0
mckenzie,triston,663474,mcket001,mckentr01,18000,2020.0,2025.0
walker,taijuan,592836,walkt004,walketa01,11836,2013.0,2025.0
